"Date","Price","Open","High","Low","Vol.","Change %"
"02/22/2024","73.50","73.40","73.90","73.00","53.45K","0.68%"
"02/21/2024","73.00","72.30","73.00","71.70","8.33K","1.39%"
"02/20/2024","72.00","73.00","73.00","72.00","39.00K","-1.37%"
"02/19/2024","73.00","73.40","73.40","72.50","1.46K","-0.54%"
"02/16/2024","73.40","72.00","73.40","71.10","57.84K","2.37%"
"02/15/2024","71.70","72.00","72.00","71.50","25.10K","-0.42%"
"02/14/2024","72.00","71.50","73.00","71.20","221.68K","0.70%"
"02/13/2024","71.50","71.90","72.00","71.50","116.42K","-0.69%"
"02/12/2024","72.00","74.00","75.00","72.00","139.12K","-4.00%"
"02/09/2024","75.00","71.00","75.00","70.00","122.94K","5.63%"
"02/08/2024","71.00","70.50","72.30","70.20","178.12K","1.43%"
"02/07/2024","70.00","70.00","70.10","68.90","70.33K","1.89%"
"02/06/2024","68.70","69.70","71.00","68.70","99.78K","-0.87%"
"02/02/2024","69.30","69.00","69.50","69.00","57.24K","0.43%"
"02/01/2024","69.00","69.00","69.00","68.50","119.86K","0.00%"
"01/31/2024","69.00","69.00","69.00","68.50","27.00K","0.73%"
"01/30/2024","68.50","69.50","69.50","68.00","82.68K","0.29%"
"01/29/2024","68.30","68.50","69.00","68.00","56.65K","0.29%"
"01/26/2024","68.10","69.00","69.50","68.00","21.15K","0.15%"
"01/24/2024","68.00","68.30","68.60","68.00","77.95K","-0.73%"
"01/23/2024","68.50","69.50","69.50","68.30","111.84K","-1.15%"
"01/22/2024","69.30","71.00","71.00","69.30","13.48K","0.43%"
"01/19/2024","69.00","69.00","72.00","69.00","6.05K","-0.43%"
"01/18/2024","69.30","69.90","70.00","69.00","109.31K","-0.29%"
"01/17/2024","69.50","69.80","70.00","68.50","51.17K","0.72%"
"01/16/2024","69.00","70.00","70.00","68.60","151.20K","0.58%"
"01/12/2024","68.60","70.00","70.00","68.50","261.19K","-1.29%"
"01/11/2024","69.50","70.00","70.00","68.50","110.46K","0.72%"
"01/10/2024","69.00","70.00","70.00","69.00","63.52K","-1.43%"
"01/09/2024","70.00","70.40","70.40","69.50","24.52K","0.00%"
"01/08/2024","70.00","70.50","70.80","69.50","7.22K","0.00%"
"01/05/2024","70.00","69.00","70.40","69.00","81.53K","1.45%"
"01/04/2024","69.00","70.00","70.00","68.20","52.63K","0.00%"
"01/03/2024","69.00","68.90","69.10","68.00","58.52K","0.15%"
"01/02/2024","68.90","67.00","68.90","67.00","9.03K","0.00%"
"12/29/2023","68.90","67.90","68.90","66.50","273.14K","2.07%"
"12/28/2023","67.50","68.30","68.30","67.40","192.90K","-0.74%"
"12/27/2023","68.00","68.20","68.20","67.80","129.40K","0.00%"
"12/22/2023","68.00","69.00","69.00","68.00","20.94K","-1.31%"
"12/21/2023","68.90","68.20","68.90","68.00","13.87K","1.17%"
"12/20/2023","68.10","69.00","69.00","68.00","175.07K","-0.87%"
"12/19/2023","68.70","69.20","69.20","68.70","11.62K","-1.15%"
"12/18/2023","69.50","69.80","70.00","69.00","11.64K","-0.43%"
"12/15/2023","69.80","70.10","71.00","69.70","119.15K","-0.29%"
"12/14/2023","70.00","70.30","71.00","70.00","5.41K","-0.43%"
"12/13/2023","70.30","71.00","71.00","70.00","15.95K","-0.99%"
"12/12/2023","71.00","72.00","72.00","71.00","407.24K","-1.39%"
"12/11/2023","72.00","72.00","72.50","71.00","272.97K","0.00%"
"12/08/2023","72.00","72.00","72.00","71.50","400.56K","0.00%"
"12/07/2023","72.00","70.60","72.00","70.60","5.13K","1.98%"
"12/06/2023","70.60","71.50","71.50","70.30","27.51K","-0.56%"
"12/05/2023","71.00","70.70","71.00","70.70","31.30K","0.42%"
"12/04/2023","70.70","70.60","71.50","70.60","186.71K","-0.42%"
"12/01/2023","71.00","70.50","73.00","70.50","94.42K","0.00%"
"11/30/2023","71.00","70.00","71.00","70.00","291.49K","-1.25%"
"11/29/2023","71.90","71.40","71.90","70.50","45.71K","1.55%"
"11/28/2023","70.80","70.30","71.10","70.10","9.15K","-0.56%"
"11/27/2023","71.20","71.00","71.20","70.50","35.75K","0.28%"
"11/24/2023","71.00","70.00","71.00","70.00","3.48K","1.43%"
"11/23/2023","70.00","70.30","70.40","70.00","23.36K","-0.28%"
"11/22/2023","70.20","70.00","70.40","70.00","6.49K","0.14%"
"11/21/2023","70.10","70.00","70.40","70.00","29.17K","0.14%"
"11/20/2023","70.00","70.10","71.90","70.00","93.13K","0.00%"
"11/17/2023","70.00","71.50","71.60","70.00","260.44K","-1.55%"
"11/16/2023","71.10","72.80","72.80","71.10","11.65K","0.00%"
"11/15/2023","71.10","73.00","73.00","71.10","2.70K","-0.56%"
"11/14/2023","71.50","72.00","72.00","71.10","182.70K","-0.69%"
"11/13/2023","72.00","72.00","72.20","71.10","210.80K","0.00%"
"11/10/2023","72.00","71.10","73.00","71.00","308.47K","0.00%"
"11/09/2023","72.00","73.00","73.00","72.00","158.97K","-1.37%"
"11/08/2023","73.00","73.50","75.00","73.00","13.47K","0.00%"
"11/07/2023","73.00","73.00","75.00","73.00","491.54K","-1.35%"
"11/06/2023","74.00","73.20","76.00","73.20","15.28K","1.09%"
"11/03/2023","73.20","72.60","74.00","72.50","109.74K","-1.08%"
"11/02/2023","74.00","71.40","74.00","71.40","188.35K","3.35%"
"11/01/2023","71.60","71.80","72.20","71.50","6.24K","0.28%"
"10/31/2023","71.40","71.10","71.80","70.80","201.52K","-0.14%"
"10/30/2023","71.50","71.10","72.00","71.10","5.68K","0.70%"
"10/27/2023","71.00","70.20","72.00","70.20","8.63K","-1.39%"
"10/26/2023","72.00","70.20","72.50","70.10","6.90K","2.71%"
"10/25/2023","70.10","73.10","73.20","70.00","159.51K","-3.44%"
"10/24/2023","72.60","72.50","73.00","72.50","33.09K","-0.82%"
"10/23/2023","73.20","74.20","74.20","72.30","13.23K","-1.35%"
"10/20/2023","74.20","74.40","74.40","72.00","11.57K","2.34%"
"10/19/2023","72.50","72.50","74.00","72.40","8.96K","0.14%"
"10/18/2023","72.40","72.40","73.00","72.40","3.37K","-0.82%"
"10/17/2023","73.00","74.00","74.40","72.50","17.88K","-1.35%"
"10/16/2023","74.00","75.00","75.00","74.00","14.80K","-0.54%"
"10/13/2023","74.40","75.00","75.00","74.20","16.02K","-0.67%"
"10/12/2023","74.90","74.00","75.00","74.00","19.88K","1.22%"
"10/11/2023","74.00","74.20","74.90","74.00","14.70K","-0.13%"
"10/10/2023","74.10","76.00","76.00","74.10","23.71K","-1.46%"
"10/09/2023","75.20","76.70","76.70","75.20","23.36K","-2.08%"
"10/06/2023","76.80","76.80","76.80","76.50","13.86K","-1.03%"
"10/05/2023","77.60","78.00","78.00","77.00","23.75K","-0.51%"
"10/04/2023","78.00","77.90","78.00","77.00","9.57K","0.00%"
"10/03/2023","78.00","79.00","79.00","77.90","38.67K","0.13%"
"10/02/2023","77.90","78.60","79.00","77.90","26.99K","-2.01%"
"09/27/2023","79.50","79.50","80.10","78.60","48.38K","1.27%"
"09/26/2023","78.50","78.10","79.90","77.90","16.54K","-0.63%"
"09/25/2023","79.00","79.50","79.90","79.00","14.27K","-0.75%"
"09/22/2023","79.60","80.00","80.10","79.60","106.07K","-0.50%"
"09/21/2023","80.00","81.00","81.10","80.00","20.31K","0.00%"
"09/20/2023","80.00","80.00","81.00","79.90","65.54K","-0.87%"
"09/19/2023","80.70","81.50","81.50","79.60","173.88K","-0.37%"
"09/18/2023","81.00","82.50","82.50","80.80","122.10K","-1.22%"
"09/15/2023","82.00","81.50","82.90","81.40","27.02K","0.49%"
"09/14/2023","81.60","81.20","82.00","81.10","15.34K","0.62%"
"09/13/2023","81.10","82.00","82.00","81.00","678.10K","-0.49%"
"09/12/2023","81.50","81.90","82.20","81.00","28.53K","-1.21%"
"09/11/2023","82.50","82.00","83.00","81.00","43.08K","0.00%"
"09/08/2023","82.50","82.50","82.50","82.00","26.81K","-0.60%"
"09/07/2023","83.00","83.00","83.10","82.00","42.35K","1.22%"
"09/06/2023","82.00","82.00","83.20","81.80","145.65K","-1.44%"
"09/05/2023","83.20","83.00","83.20","81.00","343.67K","0.85%"
"09/04/2023","82.50","83.00","83.50","82.50","256.47K","-0.60%"
"09/01/2023","83.00","79.80","83.00","79.80","185.23K","2.47%"
"08/31/2023","81.00","79.80","81.00","79.80","302.65K","1.50%"
"08/29/2023","79.80","80.00","80.60","79.80","28.02K","-0.25%"
"08/28/2023","80.00","80.00","80.40","79.50","111.34K","-0.37%"
"08/25/2023","80.30","80.00","80.40","80.00","84.69K","0.38%"
"08/24/2023","80.00","80.20","80.40","80.00","134.94K","-0.25%"
"08/23/2023","80.20","79.30","80.50","79.30","343.96K","0.38%"
"08/22/2023","79.90","79.20","80.00","79.20","120.92K","-0.12%"
"08/21/2023","80.00","79.60","80.00","79.00","440.28K","0.38%"
"08/18/2023","79.70","80.00","80.00","78.80","1.05M","-0.38%"
"08/17/2023","80.00","80.00","80.00","79.00","68.12K","0.00%"
"08/16/2023","80.00","78.80","80.00","78.50","290.82K","1.78%"
"08/15/2023","78.60","78.80","79.70","78.60","83.24K","-1.50%"
"08/14/2023","79.80","80.70","80.70","78.10","106.51K","-1.48%"
"08/11/2023","81.00","82.00","82.00","81.00","77.54K","-2.41%"
"08/10/2023","83.00","84.90","84.90","83.00","125.06K","-1.19%"
"08/09/2023","84.00","84.50","85.90","83.50","580.52K","-0.83%"
"08/08/2023","84.70","80.20","84.80","80.20","679.64K","2.05%"
"08/07/2023","83.00","81.00","83.00","80.10","358.43K","3.11%"
"08/04/2023","80.50","82.00","82.00","80.00","206.27K","-1.83%"
"08/03/2023","82.00","77.10","82.40","77.10","1.16M","5.40%"
"08/02/2023","77.80","76.00","77.90","76.00","1.04M","1.30%"
"07/31/2023","76.80","76.20","76.80","75.10","612.33K","1.05%"
"07/28/2023","76.00","74.00","76.20","74.00","265.34K","2.29%"
"07/27/2023","74.30","74.00","74.30","73.30","88.48K","0.41%"
"07/26/2023","74.00","74.00","74.20","73.80","236.30K","0.54%"
"07/25/2023","73.60","75.00","75.00","73.50","73.01K","-1.87%"
"07/24/2023","75.00","74.10","75.00","74.00","49.63K","-1.32%"
"07/21/2023","76.00","75.00","76.50","74.10","275.74K","2.01%"
"07/20/2023","74.50","74.00","75.00","74.00","55.59K","0.00%"
"07/19/2023","74.50","75.70","75.70","74.00","473.92K","-1.19%"
"07/18/2023","75.40","74.00","75.90","72.50","894.26K","2.72%"
"07/17/2023","73.40","73.80","74.60","72.50","237.97K","-1.61%"
"07/14/2023","74.60","74.00","75.00","74.00","56.46K","0.81%"
"07/13/2023","74.00","73.70","74.50","73.70","1.48M","0.54%"
"07/12/2023","73.60","74.00","74.00","73.10","131.77K","-0.54%"
"07/11/2023","74.00","75.60","75.60","73.60","436.78K","-2.63%"
"07/10/2023","76.00","75.00","77.40","75.00","215.90K","-1.30%"
"07/07/2023","77.00","74.00","77.10","73.80","1.57M","4.05%"
"07/06/2023","74.00","74.00","74.00","73.00","198.62K","0.00%"
"07/05/2023","74.00","73.50","74.10","73.00","519.16K","1.37%"
"07/04/2023","73.00","72.00","74.50","72.00","1.82M","5.04%"
"06/28/2023","69.50","69.50","69.90","69.00","47.44K","0.29%"
"06/27/2023","69.30","69.40","70.20","69.00","226.43K","-0.14%"
"06/26/2023","69.40","67.20","69.40","66.50","57.38K","2.06%"
"06/23/2023","68.00","67.00","68.00","67.00","15.14K","0.74%"
"06/22/2023","67.50","68.00","68.00","67.00","108.52K","0.75%"
"06/21/2023","67.00","66.50","68.00","66.50","707.01K","-0.74%"
"06/20/2023","67.50","66.00","67.50","66.00","113.24K","2.12%"
"06/19/2023","66.10","67.00","67.10","66.00","102.94K","-1.34%"
"06/16/2023","67.00","67.50","67.90","67.00","5.99K","-1.47%"
"06/15/2023","68.00","68.00","68.60","68.00","88.67K","-0.29%"
"06/14/2023","68.20","67.50","68.50","67.40","179.48K","1.04%"
"06/13/2023","67.50","67.00","67.50","66.90","71.72K","0.75%"
"06/12/2023","67.00","66.00","67.00","66.00","38.58K","2.29%"
"06/09/2023","65.50","65.80","65.90","65.00","17.96K","0.00%"
"06/08/2023","65.50","65.00","65.70","65.00","1.92M","0.31%"
"06/07/2023","65.30","65.50","65.50","65.00","4.94K","-0.31%"
"06/06/2023","65.50","65.50","65.50","65.00","2.15K","0.00%"
"06/05/2023","65.50","65.50","66.00","64.50","36.67K","0.77%"
"06/02/2023","65.00","65.00","65.50","64.00","30.23K","1.56%"
"06/01/2023","64.00","63.50","64.80","63.50","65.14K","0.79%"
"05/31/2023","63.50","63.60","63.80","63.50","5.04K","0.00%"
"05/30/2023","63.50","63.50","63.80","63.50","56.47K","-0.31%"
"05/29/2023","63.70","63.50","63.80","63.00","298.74K","1.11%"
"05/26/2023","63.00","62.60","63.00","62.10","65.28K","0.64%"
"05/25/2023","62.60","62.90","62.90","62.00","9.17K","-0.63%"
"05/24/2023","63.00","61.10","63.00","61.00","1.81K","1.61%"
"05/23/2023","62.00","63.00","63.40","61.00","38.41K","-1.59%"
"05/22/2023","63.00","63.00","63.10","63.00","21.96K","-0.47%"
"05/19/2023","63.30","64.00","64.00","63.30","559.11K","-0.31%"
"05/18/2023","63.50","63.60","63.70","63.50","15.05K","-0.63%"
"05/17/2023","63.90","63.40","63.90","63.40","343.54K","0.63%"
"05/16/2023","63.50","64.00","64.00","63.00","35.05K","-0.78%"
"05/15/2023","64.00","64.00","65.40","63.00","117.61K","1.59%"
"05/12/2023","63.00","63.90","64.00","63.00","21.59K","0.00%"
"05/11/2023","63.00","61.50","63.50","61.50","23.66K","1.12%"
"05/10/2023","62.30","61.50","62.50","61.00","18.62K","-1.11%"
"05/09/2023","63.00","62.00","65.00","61.00","40.94K","0.48%"
"05/08/2023","62.70","63.80","63.80","62.00","4.37K","0.16%"
"05/04/2023","62.60","62.20","63.80","62.20","1.10K","0.81%"
"05/03/2023","62.10","61.50","63.30","61.50","17.20K","0.98%"
"05/02/2023","61.50","63.30","63.30","60.00","47.03K","-2.69%"
"04/28/2023","63.20","63.00","63.50","62.80","3.96K","0.32%"
"04/27/2023","63.00","63.10","63.70","63.00","61.83K","-0.16%"
"04/26/2023","63.10","64.00","64.00","62.90","7.22K","-1.41%"
"04/25/2023","64.00","64.20","64.20","62.10","24.45K","-0.16%"
"04/24/2023","64.10","64.50","64.90","64.00","10.56K","-0.47%"
"04/21/2023","64.40","63.00","64.40","62.90","3.16M","2.22%"
"04/20/2023","63.00","64.00","64.00","63.00","35.46K","-1.56%"
"04/19/2023","64.00","64.00","64.50","63.60","88.50K","-0.31%"
"04/18/2023","64.20","64.00","64.20","63.30","46.57K","-1.08%"
"04/17/2023","64.90","64.00","64.90","63.60","43.09K","1.25%"
"04/12/2023","64.10","64.30","66.00","64.00","556.45K","-1.84%"
"04/11/2023","65.30","65.80","65.80","64.40","103.49K","0.15%"
"04/10/2023","65.20","64.00","65.20","64.00","28.37K","0.15%"
"04/06/2023","65.10","64.90","65.10","64.20","32.39K","0.31%"
"04/04/2023","64.90","63.80","65.00","63.20","20.93K","1.41%"
"04/03/2023","64.00","64.30","64.30","63.00","44.26K","-1.54%"
"03/31/2023","65.00","65.40","65.40","64.20","119.98K","1.56%"
"03/30/2023","64.00","65.00","66.00","64.00","479.06K","-1.99%"
"03/29/2023","65.30","65.20","65.30","64.20","8.74K","1.24%"
"03/28/2023","64.50","65.20","65.50","64.10","45.96K","-1.53%"
"03/27/2023","65.50","65.60","65.60","65.10","30.05K","-0.15%"
"03/24/2023","65.60","65.60","65.90","65.60","7.15K","-0.46%"
"03/23/2023","65.90","66.10","66.70","65.90","340.90K","-0.15%"
"03/22/2023","66.00","66.10","66.50","66.00","82.97K","-1.05%"
"03/21/2023","66.70","66.80","66.80","65.50","49.48K","2.62%"
"03/20/2023","65.00","68.00","68.00","65.00","559.81K","-4.13%"
"03/17/2023","67.80","67.00","68.30","67.00","135.43K","0.59%"
"03/16/2023","67.40","67.90","68.00","67.00","94.58K","0.00%"
"03/15/2023","67.40","67.00","67.50","66.00","29.54K","0.60%"
"03/14/2023","67.00","66.00","67.00","66.00","21.98K","-0.74%"
"03/13/2023","67.50","67.90","67.90","67.40","62.90K","-0.59%"
"03/10/2023","67.90","68.00","68.40","67.50","381.72K","-0.15%"
"03/09/2023","68.00","67.40","68.00","66.00","75.47K","-0.29%"
"03/08/2023","68.20","67.50","68.30","67.50","300.50K","1.04%"
"03/07/2023","67.50","66.20","67.80","66.20","839.41K","2.27%"
"03/03/2023","66.00","64.70","66.20","64.50","946.46K","2.01%"
"03/02/2023","64.70","64.00","65.00","63.10","178.11K","1.25%"
"03/01/2023","63.90","64.40","64.90","63.50","28.42K","0.31%"
"02/28/2023","63.70","63.60","64.50","63.10","45.59K","-0.47%"
"02/27/2023","64.00","63.50","64.00","63.50","36.04K","-0.62%"
"02/24/2023","64.40","63.70","65.00","63.50","1.17M","0.94%"
"02/23/2023","63.80","64.00","65.00","63.80","123.23K","0.63%"
"02/22/2023","63.40","64.00","65.40","63.00","1.41M","-1.09%"
"02/21/2023","64.10","62.30","64.20","62.30","516.65K","0.31%"
"02/20/2023","63.90","62.60","64.30","62.10","4.96M","1.59%"
"02/17/2023","62.90","62.00","63.00","62.00","224.50K","1.45%"
"02/16/2023","62.00","60.10","62.00","60.00","709.68K","5.08%"
"02/15/2023","59.00","60.20","60.20","58.50","83.02K","-1.67%"
"02/14/2023","60.00","60.00","60.20","58.40","60.60K","0.00%"
"02/13/2023","60.00","59.90","60.20","59.50","55.83K","0.00%"
"02/10/2023","60.00","59.50","60.20","59.50","97.01K","0.67%"
"02/09/2023","59.60","58.20","60.20","58.20","21.14K","-0.67%"
"02/08/2023","60.00","59.00","60.00","58.20","17.66K","0.00%"
"02/07/2023","60.00","60.00","60.00","59.20","46.54K","-0.66%"
"02/06/2023","60.40","60.00","60.90","58.00","118.65K","0.67%"
"02/03/2023","60.00","58.00","60.00","58.00","1.74K","3.45%"
"02/02/2023","58.00","59.40","59.40","58.00","8.47K","-3.17%"
"02/01/2023","59.90","59.90","59.90","59.00","56.04K","1.53%"
"01/31/2023","59.00","58.50","59.90","58.40","447.62K","-0.84%"
"01/30/2023","59.50","58.00","60.00","58.00","204.67K","-2.30%"
"01/27/2023","60.90","58.10","61.00","58.00","59.02K","1.84%"
"01/26/2023","59.80","59.50","59.90","58.00","6.69K","-1.16%"
"01/25/2023","60.50","59.00","60.50","58.20","75.48K","2.54%"
"01/24/2023","59.00","60.80","60.80","58.30","17.38K","-2.96%"
"01/23/2023","60.80","60.50","61.00","60.00","340.35K","1.16%"
"01/20/2023","60.10","56.90","62.00","56.00","2.25M","5.25%"
"01/19/2023","57.10","57.00","57.90","57.00","8.38K","0.53%"
"01/18/2023","56.80","58.00","58.00","56.80","3.22K","-0.35%"
"01/17/2023","57.00","58.00","58.00","56.90","9.93K","-1.72%"
"01/13/2023","58.00","56.90","58.00","56.90","33.89K","1.75%"
"01/12/2023","57.00","57.50","57.50","56.80","8.34K","-3.06%"
"01/11/2023","58.80","57.90","58.80","57.00","20.92K","0.00%"
"01/10/2023","58.80","58.00","59.00","56.60","33.59K","3.16%"
"01/09/2023","57.00","58.30","58.30","56.90","12.88K","-1.72%"
"01/05/2023","58.00","57.70","58.00","56.60","3.61M","0.00%"
"01/04/2023","58.00","56.50","59.80","56.50","771.73K","2.29%"
"01/03/2023","56.70","56.50","57.30","56.50","10.59K","0.35%"
"01/02/2023","56.50","56.20","57.50","56.20","30.93K","0.53%"
"12/30/2022","56.20","56.20","57.50","56.20","8.06K","0.18%"
"12/29/2022","56.10","56.50","56.50","56.00","2.37K","-0.88%"
"12/28/2022","56.60","58.80","58.80","56.60","22.57K","-3.74%"
"12/27/2022","58.80","55.10","59.10","55.10","299.57K","6.91%"
"12/23/2022","55.00","55.20","56.00","55.00","14.07K","-3.51%"
"12/22/2022","57.00","57.10","58.00","56.00","3.66K","-1.72%"
"12/21/2022","58.00","57.50","58.00","56.50","423.00K","0.87%"
"12/20/2022","57.50","57.50","58.50","57.50","149.84K","0.00%"
"12/19/2022","57.50","58.70","58.70","57.20","6.64K","-2.21%"
"12/16/2022","58.80","57.20","58.80","57.20","254.53K","1.03%"
"12/15/2022","58.20","58.90","58.90","57.10","58.45K","1.93%"
"12/14/2022","57.10","57.50","57.50","57.10","56.41K","-0.52%"
"12/13/2022","57.40","57.30","57.40","57.00","37.32K","0.35%"
"12/12/2022","57.20","58.00","58.00","57.10","13.65K","0.00%"
"12/09/2022","57.20","59.40","59.40","56.60","3.90K","-1.38%"
"12/08/2022","58.00","56.60","59.00","56.60","122.12K","0.00%"
"12/06/2022","58.00","56.50","58.00","56.50","85.83K","0.87%"
"12/05/2022","57.50","57.40","57.80","56.10","23.49K","0.88%"
"12/02/2022","57.00","56.00","57.00","55.00","89.66K","1.79%"
"12/01/2022","56.00","57.00","57.00","55.50","20.53K","-0.36%"
"11/30/2022","56.20","56.20","56.90","56.20","19.11K","0.36%"
"11/29/2022","56.00","55.80","56.50","55.50","15.76K","0.00%"
"11/28/2022","56.00","56.50","56.50","55.50","16.02K","-0.88%"
"11/25/2022","56.50","56.00","56.50","55.00","20.94K","4.05%"
"11/24/2022","54.30","55.10","56.80","54.30","22.32K","-1.09%"
"11/23/2022","54.90","55.00","55.90","54.00","108.96K","-0.18%"
"11/22/2022","55.00","52.00","55.30","52.00","178.41K","2.23%"
"11/21/2022","53.80","52.00","53.80","51.00","414.99K","5.49%"
"11/18/2022","51.00","52.10","52.10","51.00","82.86K","-1.92%"
"11/17/2022","52.00","53.00","53.10","52.00","231.42K","-1.89%"
"11/16/2022","53.00","55.40","55.40","53.00","26.57K","-4.33%"
"11/15/2022","55.40","55.80","56.90","55.40","2.14M","-0.36%"
"11/14/2022","55.60","55.80","55.80","55.50","70.58K","0.18%"
"11/11/2022","55.50","55.00","55.80","55.00","39.18K","1.09%"
"11/10/2022","54.90","55.10","55.10","54.20","36.85K","-0.36%"
"11/09/2022","55.10","53.00","55.50","52.60","269.24K","5.76%"
"11/08/2022","52.10","54.50","54.50","52.00","113.83K","-2.62%"
"11/04/2022","53.50","53.80","55.80","52.50","6.54K","1.90%"
"11/03/2022","52.50","55.90","55.90","52.50","8.68K","-4.72%"
"11/02/2022","55.10","56.10","56.30","55.00","22.94K","-2.30%"
"11/01/2022","56.40","56.00","56.40","55.00","185.14K","2.55%"
"10/31/2022","55.00","55.00","56.50","54.00","575.93K","0.00%"
"10/28/2022","55.00","55.00","55.00","53.60","302.03K","1.85%"
"10/27/2022","54.00","55.50","55.50","54.00","4.96K","1.89%"
"10/26/2022","53.00","54.00","55.50","53.00","43.38K","-1.85%"
"10/25/2022","54.00","53.50","55.00","52.90","28.75K","1.69%"
"10/21/2022","53.10","54.20","54.50","53.00","55.28K","-2.21%"
"10/20/2022","54.30","56.50","56.50","54.30","28.58K","-1.09%"
"10/19/2022","54.90","56.50","56.50","54.90","87.14K","-2.83%"
"10/18/2022","56.50","57.20","57.40","55.00","15.81K","-1.22%"
"10/17/2022","57.20","58.50","58.50","57.20","1.58K","-0.52%"
"10/14/2022","57.50","58.10","59.00","56.00","99.52K","0.88%"
"10/13/2022","57.00","55.10","59.40","55.10","28.08K","2.70%"
"10/12/2022","55.50","55.00","57.00","54.20","35.89K","1.46%"
"10/11/2022","54.70","57.00","57.90","54.10","21.82K","-5.53%"
"10/07/2022","57.90","59.00","59.00","57.00","21.24K","-1.86%"
"10/06/2022","59.00","60.50","62.00","58.70","23.58K","-1.17%"
"10/05/2022","59.70","58.70","61.80","58.70","51.31K","-0.17%"
"10/04/2022","59.80","60.00","61.00","57.20","59.88K","-0.33%"
"10/03/2022","60.00","63.50","63.50","60.00","246.46K","-5.51%"
"09/30/2022","63.50","64.00","64.90","63.20","351.08K","-0.16%"
"09/29/2022","63.60","63.00","64.00","63.00","8.68K","0.79%"
"09/28/2022","63.10","63.80","65.00","63.00","47.16K","-1.10%"
"09/27/2022","63.80","64.20","64.20","63.00","62.48K","-0.62%"
"09/26/2022","64.20","67.00","67.00","64.00","130.11K","-3.75%"
"09/23/2022","66.70","69.00","69.00","66.60","25.08K","-2.20%"
"09/22/2022","68.20","66.00","70.00","64.90","497.61K","3.49%"
"09/21/2022","65.90","63.00","66.00","63.00","186.91K","4.44%"
"09/20/2022","63.10","63.00","63.90","62.50","125.67K","0.16%"
"09/19/2022","63.00","63.00","63.30","62.50","59.30K","0.80%"
"09/16/2022","62.50","61.40","62.50","61.30","123.33K","1.79%"
"09/15/2022","61.40","61.00","61.70","60.30","158.00K","0.33%"
"09/14/2022","61.20","61.00","61.50","60.10","76.16K","0.33%"
"09/13/2022","61.00","61.50","62.90","60.00","79.74K","-0.33%"
"09/12/2022","61.20","62.00","63.00","61.00","49.69K","-2.24%"
"09/09/2022","62.60","61.90","64.00","61.90","216.95K","1.13%"
"09/08/2022","61.90","61.90","61.90","60.00","181.27K","3.17%"
"09/07/2022","60.00","58.00","61.00","58.00","110.05K","3.45%"
"09/06/2022","58.00","57.60","58.00","57.50","45.87K","0.87%"
"09/05/2022","57.50","57.50","57.80","56.80","131.92K","1.23%"
"09/02/2022","56.80","57.10","58.00","56.80","82.49K","-0.35%"
"09/01/2022","57.00","54.00","57.00","54.00","181.02K","6.54%"
"08/31/2022","53.50","53.50","53.50","52.90","13.50K","1.52%"
"08/30/2022","52.70","53.30","53.30","52.00","103.32K","-0.75%"
"08/29/2022","53.10","54.00","54.00","52.10","31.07K","-0.75%"
"08/26/2022","53.50","50.50","54.50","50.00","89.32K","7.00%"
"08/25/2022","50.00","52.70","52.70","50.00","105.41K","-4.58%"
"08/24/2022","52.40","52.00","52.50","50.60","117.12K","0.96%"
"08/23/2022","51.90","50.00","52.00","49.70","25.04K","3.80%"
"08/22/2022","50.00","52.90","52.90","49.90","30.11K","-2.91%"
"08/19/2022","51.50","50.10","52.90","50.10","13.49K","3.00%"
"08/18/2022","50.00","50.60","52.50","49.50","38.91K","-1.96%"
"08/17/2022","51.00","53.00","53.00","50.10","142.76K","-1.92%"
"08/16/2022","52.00","52.10","53.00","50.20","41.55K","-1.14%"
"08/15/2022","52.60","53.00","53.00","52.40","210.23K","-0.75%"
"08/12/2022","53.00","53.90","53.90","52.50","684.59K","0.00%"
"08/10/2022","53.00","53.00","53.20","51.00","127.40K","-0.93%"
"08/09/2022","53.50","51.50","54.00","51.00","91.94K","4.90%"
"08/08/2022","51.00","50.00","51.10","48.10","33.03K","2.82%"
"08/05/2022","49.60","48.60","49.60","48.00","90.03K","0.40%"
"08/04/2022","49.40","47.00","49.40","46.50","39.05K","6.47%"
"08/03/2022","46.40","46.80","46.90","45.00","56.35K","-0.22%"
"08/02/2022","46.50","45.90","46.50","45.00","21.46K","5.68%"
"08/01/2022","44.00","45.00","46.30","44.00","13.67K","-5.38%"
"07/29/2022","46.50","44.80","46.70","44.80","17.63K","2.65%"
"07/28/2022","45.30","44.00","45.30","44.00","31.97K","1.80%"
"07/27/2022","44.50","45.00","45.00","44.10","12.43K","-0.67%"
"07/26/2022","44.80","45.40","45.40","44.80","1.26K","-1.75%"
"07/25/2022","45.60","45.90","45.90","44.50","4.91K","2.24%"
"07/22/2022","44.60","45.00","45.30","44.50","39.44K","-0.89%"
"07/21/2022","45.00","45.20","45.20","44.50","21.87K","2.74%"
"07/20/2022","43.80","45.20","45.20","43.80","9.69K","-2.45%"
"07/19/2022","44.90","43.50","44.90","43.40","25.19K","3.46%"
"07/18/2022","43.40","43.20","43.90","43.20","3.58K","1.88%"
"07/15/2022","42.60","43.00","43.80","42.60","18.14K","0.00%"
"07/14/2022","42.60","42.90","42.90","42.60","0.21K","-0.70%"
"07/12/2022","42.90","42.60","42.90","42.40","6.43K","2.39%"
"07/11/2022","41.90","41.00","42.60","40.00","5.44K","4.23%"
"07/08/2022","40.20","40.00","42.00","39.90","23.05K","0.75%"
"07/07/2022","39.90","40.00","40.00","39.50","84.28K","1.01%"
"07/06/2022","39.50","41.50","41.50","39.00","86.85K","-4.82%"
"07/05/2022","41.50","42.70","42.70","41.40","9.11K","-2.81%"
"07/04/2022","42.70","44.20","44.20","42.00","10.12K","-2.95%"
"07/01/2022","44.00","42.80","44.00","42.10","39.31K","4.76%"
"06/30/2022","42.00","41.90","42.80","41.40","10.97K","0.96%"
"06/29/2022","41.60","42.70","43.70","41.50","36.91K","-3.26%"
"06/28/2022","43.00","43.00","44.30","42.70","95.81K","-1.83%"
"06/27/2022","43.80","44.90","45.90","43.50","52.73K","-3.31%"
"06/24/2022","45.30","45.00","45.40","44.50","32.77K","1.80%"
"06/23/2022","44.50","44.50","45.00","43.60","33.83K","1.14%"
"06/22/2022","44.00","43.50","44.00","43.30","56.18K","1.15%"
"06/21/2022","43.50","43.40","43.50","43.00","54.35K","0.00%"
"06/20/2022","43.50","44.00","44.00","42.00","120.58K","0.69%"
"06/17/2022","43.20","44.60","45.00","43.10","147.89K","-4.00%"
"06/16/2022","45.00","45.50","45.50","44.50","31.31K","1.12%"
"06/15/2022","44.50","44.60","44.60","44.40","21.11K","-1.33%"
"06/13/2022","45.10","44.90","46.70","44.70","8.36K","0.22%"
"06/10/2022","45.00","46.00","46.90","45.00","92.01K","-4.86%"
"06/09/2022","47.30","45.00","47.30","45.00","123.24K","7.50%"
"06/08/2022","44.00","42.80","47.50","42.80","167.80K","1.62%"
"06/07/2022","43.30","44.10","44.10","41.10","26.54K","-2.70%"
"06/06/2022","44.50","46.60","46.60","44.30","384.96K","-3.47%"
"06/03/2022","46.10","45.10","46.50","45.00","48.39K","2.44%"
"06/02/2022","45.00","44.90","45.10","44.50","154.20K","0.00%"
"06/01/2022","45.00","44.00","45.00","44.00","30.83K","0.00%"
"05/31/2022","45.00","45.20","45.40","44.00","20.71K","-1.10%"
"05/30/2022","45.50","45.60","46.90","44.80","35.88K","0.00%"
"05/27/2022","45.50","45.50","46.60","45.50","162.35K","0.00%"
"05/26/2022","45.50","46.90","46.90","45.50","30.36K","-1.09%"
"05/25/2022","46.00","47.00","47.00","45.00","19.10K","-2.13%"
"05/24/2022","47.00","47.00","47.00","44.50","55.35K","2.17%"
"05/23/2022","46.00","46.00","47.90","44.40","46.06K","2.22%"
"05/20/2022","45.00","44.00","45.00","44.00","97.19K","3.21%"
"05/19/2022","43.60","43.50","44.00","43.00","158.10K","-0.91%"
"05/18/2022","44.00","43.90","44.40","43.40","367.56K","0.23%"
"05/17/2022","43.90","42.00","44.40","42.00","60.87K","6.30%"
"05/13/2022","41.30","41.50","44.90","41.00","23.48K","0.98%"
"05/12/2022","40.90","39.50","41.00","39.20","24.05K","2.00%"
"05/09/2022","40.10","39.60","41.00","39.60","20.00K","1.26%"
"05/06/2022","39.60","40.00","40.00","39.50","25.73K","-1.00%"
"05/05/2022","40.00","42.00","42.00","40.00","106.67K","-3.38%"
"05/04/2022","41.40","42.00","42.00","40.00","23.45K","-0.48%"
"04/29/2022","41.60","44.00","44.00","41.50","98.52K","-2.12%"
"04/28/2022","42.50","42.00","43.00","40.00","272.86K","3.66%"
"04/27/2022","41.00","40.00","42.00","39.90","500.03K","2.50%"
"04/26/2022","40.00","41.00","41.00","39.90","183.86K","-0.25%"
"04/25/2022","40.10","41.00","41.00","40.10","13.30K","-12.83%"
"04/08/2022","46.00","48.50","48.50","45.00","229.35K","-4.17%"
"04/07/2022","48.00","50.00","50.00","47.50","213.28K","-4.00%"
"04/06/2022","50.00","49.00","50.00","47.60","37.23K","0.20%"
"04/05/2022","49.90","52.00","52.00","47.00","70.46K","8.24%"
"04/04/2022","46.10","44.00","54.00","42.50","73.47K","2.44%"
"04/01/2022","45.00","45.00","45.30","45.00","23.30K","-1.53%"
"03/31/2022","45.70","46.50","47.00","45.40","51.49K","-1.72%"
"03/30/2022","46.50","50.00","50.00","46.00","70.14K","-7.00%"
"03/29/2022","50.00","52.90","52.90","49.00","103.47K","-3.85%"
"03/28/2022","52.00","53.90","53.90","51.80","69.66K","-2.62%"
"03/25/2022","53.40","55.00","55.00","53.00","117.90K","-2.91%"
"03/24/2022","55.00","56.00","56.00","54.80","27.38K","-2.65%"
"03/23/2022","56.50","56.90","56.90","55.80","12.54K","-0.70%"
"03/22/2022","56.90","57.00","57.00","56.00","182.13K","0.18%"
"03/21/2022","56.80","58.00","58.00","56.80","120.50K","-1.90%"
"03/18/2022","57.90","56.50","58.50","56.00","62.90K","3.58%"
"03/16/2022","55.90","55.00","56.30","54.00","34.89K","0.90%"
"03/15/2022","55.40","58.00","58.00","55.00","35.17K","-3.65%"
"03/14/2022","57.50","59.90","59.90","57.00","187.15K","-1.37%"
"03/11/2022","58.30","59.50","59.50","58.20","68.65K","-1.35%"
"03/10/2022","59.10","58.80","59.90","58.00","102.13K","2.78%"
"03/09/2022","57.50","59.10","59.90","57.20","97.00K","-2.54%"
"03/08/2022","59.00","61.00","61.40","58.50","53.50K","-3.28%"
"03/07/2022","61.00","63.00","63.00","61.00","44.98K","-3.17%"
"03/04/2022","63.00","62.30","63.00","61.70","134.80K","0.80%"
"03/03/2022","62.50","63.60","63.60","62.40","18.24K","-0.95%"
"03/02/2022","63.10","63.70","63.70","62.80","127.10K","-1.25%"
"02/28/2022","63.90","62.00","64.00","62.00","118.47K","0.63%"
"02/25/2022","63.50","61.60","63.50","61.00","64.34K","4.10%"
"02/24/2022","61.00","63.10","64.00","61.00","308.06K","-4.39%"
"02/23/2022","63.80","66.40","66.40","62.00","216.28K","-0.31%"
"02/22/2022","64.00","64.20","66.00","63.90","70.51K","-0.31%"
"02/21/2022","64.20","67.10","67.10","64.20","393.23K","-4.04%"
"02/18/2022","66.90","67.90","67.90","66.80","108.71K","-0.15%"
"02/17/2022","67.00","69.00","69.00","67.00","168.30K","-1.47%"
"02/15/2022","68.00","69.50","69.50","67.90","24.29K","-2.16%"
"02/14/2022","69.50","67.80","69.50","67.50","146.68K","2.96%"
"02/11/2022","67.50","68.00","68.30","67.20","83.15K","0.15%"
"02/10/2022","67.40","67.50","68.00","66.50","59.97K","-0.15%"
"02/09/2022","67.50","68.90","68.90","66.80","236.71K","-0.59%"
"02/08/2022","67.90","69.90","69.90","67.50","347.34K","-1.88%"
"02/07/2022","69.20","71.00","71.00","69.00","157.57K","-1.14%"
"02/03/2022","70.00","70.00","73.00","68.00","284.39K","1.45%"
"02/02/2022","69.00","70.00","70.00","68.00","290.94K","-0.14%"
"02/01/2022","69.10","70.00","70.10","69.00","106.64K","-1.29%"
"01/31/2022","70.00","70.50","70.50","69.00","563.08K","0.72%"
"01/28/2022","69.50","69.60","71.00","69.50","121.64K","-0.71%"
"01/27/2022","70.00","70.50","71.50","69.50","628.05K","0.00%"
"01/26/2022","70.00","70.10","72.00","69.90","153.34K","0.00%"
"01/25/2022","70.00","72.00","72.00","70.00","284.72K","-3.31%"
"01/24/2022","72.40","73.00","73.00","71.00","397.87K","-0.14%"
"01/21/2022","72.50","72.50","72.50","72.10","90.98K","0.00%"
"01/20/2022","72.50","76.10","76.20","72.10","285.45K","-3.33%"
"01/19/2022","75.00","77.00","77.80","74.10","1.13M","-1.19%"
"01/18/2022","75.90","73.00","77.80","73.00","1.29M","6.01%"
"01/13/2022","71.60","69.40","74.50","68.50","1.48M","4.83%"
"01/12/2022","68.30","70.50","70.50","68.00","290.75K","-0.87%"
"01/11/2022","68.90","70.90","70.90","68.20","254.66K","-0.43%"
"01/10/2022","69.20","70.90","71.00","69.10","200.70K","-0.29%"
"01/07/2022","69.40","69.90","71.20","69.40","655.94K","-0.72%"
"01/06/2022","69.90","71.40","71.40","69.40","310.49K","-1.41%"
"01/05/2022","70.90","71.90","73.00","70.60","447.15K","-1.39%"
"01/04/2022","71.90","68.00","74.60","68.00","1.04M","6.68%"
"01/03/2022","67.40","67.00","67.90","66.50","577.22K","1.05%"